filename,class,source,url,license,title,notes
PIA04213~orig.jpg,Galaxy,NASA Jet Propulsion Laboratory,https://photojournal.jpl.nasa.gov/catalog/PIA04213,Public Domain (NASA),PIA04213,
PIA04217~orig.jpg,Galaxy,NASA Jet Propulsion Laboratory,https://photojournal.jpl.nasa.gov/catalog/PIA04217,Public Domain (NASA),PIA04217,
PIA04219~orig.jpg,Galaxy,NASA Jet Propulsion Laboratory,https://photojournal.jpl.nasa.gov/catalog/PIA04219,Public Domain (NASA),PIA04219,
PIA04230~orig.jpg,Galaxy,NASA Jet Propulsion Laboratory,https://photojournal.jpl.nasa.gov/catalog/PIA04230,Public Domain (NASA),PIA04230,
PIA04623~orig.jpg,Galaxy,NASA Jet Propulsion Laboratory,https://photojournal.jpl.nasa.gov/catalog/PIA04623,Public Domain (NASA),PIA04623,
PIA04628~orig.jpg,Galaxy,NASA Jet Propulsion Laboratory,https://photojournal.jpl.nasa.gov/catalog/PIA04628,Public Domain (NASA),PIA04628,
PIA04629~orig.jpg,Galaxy,NASA Jet Propulsion Laboratory,https://photojournal.jpl.nasa.gov/catalog/PIA04629,Public Domain (NASA),PIA04629,
PIA04634~orig.jpg,Galaxy,NASA Jet Propulsion Laboratory,https://photojournal.jpl.nasa.gov/catalog/PIA04634,Public Domain (NASA),PIA04634,
PIA04635~orig.jpg,Galaxy,NASA Jet Propulsion Laboratory,https://photojournal.jpl.nasa.gov/catalog/PIA04635,Public Domain (NASA),PIA04635,
PIA04921~orig.jpg,Galaxy,NASA Jet Propulsion Laboratory,https://photojournal.jpl.nasa.gov/catalog/PIA04921,Public Domain (NASA),PIA04921,
PIA04922~orig.jpg,Galaxy,NASA Jet Propulsion Laboratory,https://photojournal.jpl.nasa.gov/catalog/PIA04922,Public Domain (NASA),PIA04922,
PIA04923~orig.jpg,Galaxy,NASA Jet Propulsion Laboratory,https://photojournal.jpl.nasa.gov/catalog/PIA04923,Public Domain (NASA),PIA04923,
PIA04924~orig.jpg,Galaxy,NASA Jet Propulsion Laboratory,https://photojournal.jpl.nasa.gov/catalog/PIA04924,Public Domain (NASA),PIA04924,
PIA05879~orig.jpg,Galaxy,NASA Jet Propulsion Laboratory,https://photojournal.jpl.nasa.gov/catalog/PIA05879,Public Domain (NASA),PIA05879,
PIA06853~orig.jpg,Galaxy,NASA Jet Propulsion Laboratory,https://photojournal.jpl.nasa.gov/catalog/PIA06853,Public Domain (NASA),PIA06853,
PIA07828~orig.jpg,Galaxy,NASA Jet Propulsion Laboratory,https://photojournal.jpl.nasa.gov/catalog/PIA07828,Public Domain (NASA),PIA07828,
PIA07900~orig.jpg,Galaxy,NASA Jet Propulsion Laboratory,https://photojournal.jpl.nasa.gov/catalog/PIA07900,Public Domain (NASA),PIA07900,
PIA07903~orig.jpg,Galaxy,NASA Jet Propulsion Laboratory,https://photojournal.jpl.nasa.gov/catalog/PIA07903,Public Domain (NASA),PIA07903,
PIA07904~orig.jpg,Galaxy,NASA Jet Propulsion Laboratory,https://photojournal.jpl.nasa.gov/catalog/PIA07904,Public Domain (NASA),PIA07904,
PIA09106~orig.jpg,Galaxy,NASA Jet Propulsion Laboratory,https://photojournal.jpl.nasa.gov/catalog/PIA09106,Public Domain (NASA),PIA09106,
PIA09337~orig.jpg,Galaxy,NASA Jet Propulsion Laboratory,https://photojournal.jpl.nasa.gov/catalog/PIA09337,Public Domain (NASA),PIA09337,
PIA09579~orig.jpg,Galaxy,NASA Jet Propulsion Laboratory,https://photojournal.jpl.nasa.gov/catalog/PIA09579,Public Domain (NASA),PIA09579,
PIA10113~orig.jpg,Galaxy,NASA Jet Propulsion Laboratory,https://photojournal.jpl.nasa.gov/catalog/PIA10113,Public Domain (NASA),PIA10113,
PIA10115~orig.jpg,Galaxy,NASA Jet Propulsion Laboratory,https://photojournal.jpl.nasa.gov/catalog/PIA10115,Public Domain (NASA),PIA10115,
PIA10373~orig.jpg,Galaxy,NASA Jet Propulsion Laboratory,https://photojournal.jpl.nasa.gov/catalog/PIA10373,Public Domain (NASA),PIA10373,
PIA10600~orig.jpg,Galaxy,NASA Jet Propulsion Laboratory,https://photojournal.jpl.nasa.gov/catalog/PIA10600,Public Domain (NASA),PIA10600,
PIA11998~orig.jpg,Galaxy,NASA Jet Propulsion Laboratory,https://photojournal.jpl.nasa.gov/catalog/PIA11998,Public Domain (NASA),PIA11998,
PIA17246~orig.jpg,Galaxy,NASA Jet Propulsion Laboratory,https://photojournal.jpl.nasa.gov/catalog/PIA17246,Public Domain (NASA),PIA17246,
PIA17554~orig.jpg,Galaxy,NASA Jet Propulsion Laboratory,https://photojournal.jpl.nasa.gov/catalog/PIA17554,Public Domain (NASA),PIA17554,
PIA25163~orig.jpg,Galaxy,NASA Jet Propulsion Laboratory,https://photojournal.jpl.nasa.gov/catalog/PIA25163,Public Domain (NASA),PIA25163,
GSFC_20171208_Archive_e000699~orig.jpg,Nebula,NASA Goddard Space Flight Center,https://images.nasa.gov/details/GSFC_20171208_Archive_e000699,Public Domain (NASA),GSFC_20171208_Archive_e000699,
GSFC_20171208_Archive_e001465~orig.jpg,Nebula,NASA Goddard Space Flight Center,https://images.nasa.gov/details/GSFC_20171208_Archive_e001465,Public Domain (NASA),GSFC_20171208_Archive_e001465,
GSFC_20171208_Archive_e001518~orig.jpg,Nebula,NASA Goddard Space Flight Center,https://images.nasa.gov/details/GSFC_20171208_Archive_e001518,Public Domain (NASA),GSFC_20171208_Archive_e001518,
GSFC_20171208_Archive_e001743~orig.jpg,Nebula,NASA Goddard Space Flight Center,https://images.nasa.gov/details/GSFC_20171208_Archive_e001743,Public Domain (NASA),GSFC_20171208_Archive_e001743,
GSFC_20171208_Archive_e001955~orig.jpg,Nebula,NASA Goddard Space Flight Center,https://images.nasa.gov/details/GSFC_20171208_Archive_e001955,Public Domain (NASA),GSFC_20171208_Archive_e001955,
GSFC_20171208_Archive_e002075~orig.jpg,Nebula,NASA Goddard Space Flight Center,https://images.nasa.gov/details/GSFC_20171208_Archive_e002075,Public Domain (NASA),GSFC_20171208_Archive_e002075,
GSFC_20171208_Archive_e002086~orig.jpg,Nebula,NASA Goddard Space Flight Center,https://images.nasa.gov/details/GSFC_20171208_Archive_e002086,Public Domain (NASA),GSFC_20171208_Archive_e002086,
GSFC_20171208_Archive_e002155~orig.jpg,Nebula,NASA Goddard Space Flight Center,https://images.nasa.gov/details/GSFC_20171208_Archive_e002155,Public Domain (NASA),GSFC_20171208_Archive_e002155,
PIA03294~orig.jpg,Nebula,NASA Jet Propulsion Laboratory,https://photojournal.jpl.nasa.gov/catalog/PIA03294,Public Domain (NASA),PIA03294,
PIA03606~orig.jpg,Nebula,NASA Jet Propulsion Laboratory,https://photojournal.jpl.nasa.gov/catalog/PIA03606,Public Domain (NASA),PIA03606,
PIA04200~orig.jpg,Nebula,NASA Jet Propulsion Laboratory,https://photojournal.jpl.nasa.gov/catalog/PIA04200,Public Domain (NASA),PIA04200,
PIA04215~orig.jpg,Nebula,NASA Jet Propulsion Laboratory,https://photojournal.jpl.nasa.gov/catalog/PIA04215,Public Domain (NASA),PIA04215,
PIA04216~orig.jpg,Nebula,NASA Jet Propulsion Laboratory,https://photojournal.jpl.nasa.gov/catalog/PIA04216,Public Domain (NASA),PIA04216,
PIA04226~orig.jpg,Nebula,NASA Jet Propulsion Laboratory,https://photojournal.jpl.nasa.gov/catalog/PIA04226,Public Domain (NASA),PIA04226,
PIA04227~orig.jpg,Nebula,NASA Jet Propulsion Laboratory,https://photojournal.jpl.nasa.gov/catalog/PIA04227,Public Domain (NASA),PIA04227,
PIA05062~orig.jpg,Nebula,NASA Jet Propulsion Laboratory,https://photojournal.jpl.nasa.gov/catalog/PIA05062,Public Domain (NASA),PIA05062,
PIA09267~orig.jpg,Nebula,NASA Jet Propulsion Laboratory,https://photojournal.jpl.nasa.gov/catalog/PIA09267,Public Domain (NASA),PIA09267,
PIA09268~orig.jpg,Nebula,NASA Jet Propulsion Laboratory,https://photojournal.jpl.nasa.gov/catalog/PIA09268,Public Domain (NASA),PIA09268,
PIA13014~orig.jpg,Nebula,NASA Jet Propulsion Laboratory,https://photojournal.jpl.nasa.gov/catalog/PIA13014,Public Domain (NASA),PIA13014,
PIA13451~orig.jpg,Nebula,NASA Jet Propulsion Laboratory,https://photojournal.jpl.nasa.gov/catalog/PIA13451,Public Domain (NASA),PIA13451,
PIA13453~orig.jpg,Nebula,NASA Jet Propulsion Laboratory,https://photojournal.jpl.nasa.gov/catalog/PIA13453,Public Domain (NASA),PIA13453,
PIA14415~orig.jpg,Nebula,NASA Jet Propulsion Laboratory,https://photojournal.jpl.nasa.gov/catalog/PIA14415,Public Domain (NASA),PIA14415,
PIA14417~orig.jpg,Nebula,NASA Jet Propulsion Laboratory,https://photojournal.jpl.nasa.gov/catalog/PIA14417,Public Domain (NASA),PIA14417,
PIA14442~orig.jpg,Nebula,NASA Jet Propulsion Laboratory,https://photojournal.jpl.nasa.gov/catalog/PIA14442,Public Domain (NASA),PIA14442,
PIA14728~orig.jpg,Nebula,NASA Jet Propulsion Laboratory,https://photojournal.jpl.nasa.gov/catalog/PIA14728,Public Domain (NASA),PIA14728,
PIA15415~orig.jpg,Nebula,NASA Jet Propulsion Laboratory,https://photojournal.jpl.nasa.gov/catalog/PIA15415,Public Domain (NASA),PIA15415,
PIA15658~orig.jpg,Nebula,NASA Jet Propulsion Laboratory,https://photojournal.jpl.nasa.gov/catalog/PIA15658,Public Domain (NASA),PIA15658,
PIA17563~orig.jpg,Nebula,NASA Jet Propulsion Laboratory,https://photojournal.jpl.nasa.gov/catalog/PIA17563,Public Domain (NASA),PIA17563,
PIA25433~orig.jpg,Nebula,NASA Jet Propulsion Laboratory,https://photojournal.jpl.nasa.gov/catalog/PIA25433,Public Domain (NASA),PIA25433,
hubble-sees-the-wings-of-a-butterfly-the-twin-jet-nebula_20283986193_o~orig.jpg,Nebula,NASA/ESA Hubble Space Telescope,https://images.nasa.gov/details/hubble-sees-the-wings-of-a-butterfly-the-twin-jet-nebula_20283986193_o,Public Domain (NASA),hubble-sees-the-wings-of-a-butterfly-the-twin-jet-nebula_20283986193_o,
NHQ202007180001~orig.jpg,Comet,NASA Goddard Space Flight Center,images-assets.nasa.gov/image/NHQ202007180001,Public Domain (NASA),NHQ202007180001,
GSFC_20171208_Archive_e000124~orig.jpg,Comet,NASA Goddard Space Flight Center,https://images.nasa.gov/details/GSFC_20171208_Archive_e000124,Public Domain (NASA),GSFC_20171208_Archive_e000124,
GSFC_20171208_Archive_e000941~orig.jpg,Comet,NASA Goddard Space Flight Center,https://images.nasa.gov/details/GSFC_20171208_Archive_e000941,Public Domain (NASA),GSFC_20171208_Archive_e000941,
GSFC_20171208_Archive_e001314~orig.jpg,Comet,NASA Goddard Space Flight Center,https://images.nasa.gov/details/GSFC_20171208_Archive_e001314,Public Domain (NASA),GSFC_20171208_Archive_e001314,
GSFC_20171208_Archive_e001315~orig.jpg,Comet,NASA Goddard Space Flight Center,https://images.nasa.gov/details/GSFC_20171208_Archive_e001315,Public Domain (NASA),GSFC_20171208_Archive_e001315,
GSFC_20171208_Archive_e001317~orig.jpg,Comet,NASA Goddard Space Flight Center,https://images.nasa.gov/details/GSFC_20171208_Archive_e001317,Public Domain (NASA),GSFC_20171208_Archive_e001317,NO MATCH
GSFC_20171208_Archive_e001318~orig.jpg,Comet,NASA Goddard Space Flight Center,https://images.nasa.gov/details/GSFC_20171208_Archive_e001318,Public Domain (NASA),GSFC_20171208_Archive_e001318,
GSFC_20171208_Archive_e001319~orig.jpg,Comet,NASA Goddard Space Flight Center,https://images.nasa.gov/details/GSFC_20171208_Archive_e001319,Public Domain (NASA),GSFC_20171208_Archive_e001319,
GSFC_20171208_Archive_e001320~orig.jpg,Comet,NASA Goddard Space Flight Center,https://images.nasa.gov/details/GSFC_20171208_Archive_e001320,Public Domain (NASA),GSFC_20171208_Archive_e001320,
GSFC_20171208_Archive_e001322~orig.jpg,Comet,NASA Goddard Space Flight Center,https://images.nasa.gov/details/GSFC_20171208_Archive_e001322,Public Domain (NASA),GSFC_20171208_Archive_e001322,
GSFC_20171208_Archive_e001323~orig.jpg,Comet,NASA Goddard Space Flight Center,https://images.nasa.gov/details/GSFC_20171208_Archive_e001323,Public Domain (NASA),GSFC_20171208_Archive_e001323,
GSFC_20171208_Archive_e001339~orig.jpg,Comet,NASA Goddard Space Flight Center,https://images.nasa.gov/details/GSFC_20171208_Archive_e001339,Public Domain (NASA),GSFC_20171208_Archive_e001339,
GSFC_20171208_Archive_e001340~orig.jpg,Comet,NASA Goddard Space Flight Center,https://images.nasa.gov/details/GSFC_20171208_Archive_e001340,Public Domain (NASA),GSFC_20171208_Archive_e001340,
GSFC_20171208_Archive_e001975~orig.jpg,Comet,NASA Goddard Space Flight Center,https://images.nasa.gov/details/GSFC_20171208_Archive_e001975,Public Domain (NASA),GSFC_20171208_Archive_e001975,
NHQ202007180001~orig.jpg,Comet,NASA,https://images.nasa.gov/details-NHQ202007180001,Public Domain (NASA),Comet NEOWISE and ISS,
PIA02140~orig.jpg,Comet,NASA Jet Propulsion Laboratory,https://photojournal.jpl.nasa.gov/catalog/PIA02140,Public Domain (NASA),PIA02140,
PIA03505~orig.jpg,Comet,NASA Jet Propulsion Laboratory,https://photojournal.jpl.nasa.gov/catalog/PIA03505,Public Domain (NASA),PIA03505,
PIA07881~orig.jpg,Comet,NASA Jet Propulsion Laboratory,https://photojournal.jpl.nasa.gov/catalog/PIA07881,Public Domain (NASA),PIA07881,
PIA08438~orig.jpg,Comet,NASA Jet Propulsion Laboratory,https://photojournal.jpl.nasa.gov/catalog/PIA08438,Public Domain (NASA),PIA08438,
PIA12836~small.jpg,Comet,NASA Jet Propulsion Laboratory,https://photojournal.jpl.nasa.gov/catalog/PIA12836,Public Domain (NASA),PIA12836,
PIA13115~orig.jpg,Comet,NASA Jet Propulsion Laboratory,https://photojournal.jpl.nasa.gov/catalog/PIA13115,Public Domain (NASA),PIA13115,
PIA13438~orig.jpg,Comet,NASA Jet Propulsion Laboratory,https://photojournal.jpl.nasa.gov/catalog/PIA13438,Public Domain (NASA),PIA13438,
PIA17483~orig.jpg,Comet,NASA Jet Propulsion Laboratory,https://photojournal.jpl.nasa.gov/catalog/PIA17483,Public Domain (NASA),PIA17483,
PIA18153~orig.jpg,Comet,NASA Jet Propulsion Laboratory,https://photojournal.jpl.nasa.gov/catalog/PIA18153,Public Domain (NASA),PIA18153,
PIA19354~orig.jpg,Comet,NASA Jet Propulsion Laboratory,https://photojournal.jpl.nasa.gov/catalog/PIA19354,Public Domain (NASA),PIA19354,
PIA20118~orig.jpg,Comet,NASA Jet Propulsion Laboratory,https://photojournal.jpl.nasa.gov/catalog/PIA20118,Public Domain (NASA),PIA20118,
S74-17688~orig.jpg,Comet,NASA,https://images.nasa.gov/details-S74-17688,Public Domain (NASA),COMETS - ASTRONOMY - KOHUTEK - CATALINA OBSERVATORY,
iss030e015477~orig.jpg,Comet,NASA,https://images.nasa.gov/details-iss030e015477,Public Domain (NASA),Earth Observations taken by Expedition 30 crewmember,
iss030e015483~orig.jpg,Comet,NASA,https://images.nasa.gov/details-iss030e015483,Public Domain (NASA),Earth Observations taken by Expedition 30 crewmember,
iss073e0982217~orig.jpg,Comet,NASA,https://images.nasa.gov/details-iss073e0982217,Public Domain (NASA),iss073e0982217,
GSFC_20171208_Archive_e000795~orig.jpg,Planet,NASA Goddard Space Flight Center,https://images.nasa.gov/details/GSFC_20171208_Archive_e000795,Public Domain (NASA),GSFC_20171208_Archive_e000795,
GSFC_20171208_Archive_e001417~orig.jpg,Planet,NASA Goddard Space Flight Center,https://images.nasa.gov/details/GSFC_20171208_Archive_e001417,Public Domain (NASA),GSFC_20171208_Archive_e001417,
PIA00046~orig.jpg,Planet,NASA Jet Propulsion Laboratory,https://photojournal.jpl.nasa.gov/catalog/PIA00046,Public Domain (NASA),PIA00046,
PIA00072~orig.jpg,Planet,NASA Jet Propulsion Laboratory,https://photojournal.jpl.nasa.gov/catalog/PIA00072,Public Domain (NASA),PIA00072,
PIA00111~orig.jpg,Planet,NASA Jet Propulsion Laboratory,https://photojournal.jpl.nasa.gov/catalog/PIA00111,Public Domain (NASA),PIA00111,
PIA01253~orig.jpg,Planet,NASA Jet Propulsion Laboratory,https://photojournal.jpl.nasa.gov/catalog/PIA01253,Public Domain (NASA),PIA01253,
PIA01281~orig.jpg,Planet,NASA Jet Propulsion Laboratory,https://photojournal.jpl.nasa.gov/catalog/PIA01281,Public Domain (NASA),PIA01281,
PIA01371~orig.jpg,Planet,NASA Jet Propulsion Laboratory,https://photojournal.jpl.nasa.gov/catalog/PIA01371,Public Domain (NASA),PIA01371,
PIA01491~orig.jpg,Planet,NASA Jet Propulsion Laboratory,https://photojournal.jpl.nasa.gov/catalog/PIA01491,Public Domain (NASA),PIA01491,
PIA02862~orig.jpg,Planet,NASA Jet Propulsion Laboratory,https://photojournal.jpl.nasa.gov/catalog/PIA02862,Public Domain (NASA),PIA02862,
PIA03104~orig.jpg,Planet,NASA Jet Propulsion Laboratory,https://photojournal.jpl.nasa.gov/catalog/PIA03104,Public Domain (NASA),PIA03104,
PIA05385~orig.jpg,Planet,NASA Jet Propulsion Laboratory,https://photojournal.jpl.nasa.gov/catalog/PIA05385,Public Domain (NASA),PIA05385,
PIA07783~orig.jpg,Planet,NASA Jet Propulsion Laboratory,https://photojournal.jpl.nasa.gov/catalog/PIA07783,Public Domain (NASA),PIA07783,
PIA08166~orig.jpg,Planet,NASA Jet Propulsion Laboratory,https://photojournal.jpl.nasa.gov/catalog/PIA08166,Public Domain (NASA),PIA08166,
PIA08414~orig.jpg,Planet,NASA Jet Propulsion Laboratory,https://photojournal.jpl.nasa.gov/catalog/PIA08414,Public Domain (NASA),PIA08414,
PIA08973~orig.jpg,Planet,NASA Jet Propulsion Laboratory,https://photojournal.jpl.nasa.gov/catalog/PIA08973,Public Domain (NASA),PIA08973,
PIA10124~orig.jpg,Planet,NASA Jet Propulsion Laboratory,https://photojournal.jpl.nasa.gov/catalog/PIA10124,Public Domain (NASA),PIA10124,
PIA11418~orig.jpg,Planet,NASA Jet Propulsion Laboratory,https://photojournal.jpl.nasa.gov/catalog/PIA11418,Public Domain (NASA),PIA11418,
PIA11613~orig.jpg,Planet,NASA Jet Propulsion Laboratory,https://photojournal.jpl.nasa.gov/catalog/PIA11613,Public Domain (NASA),PIA11613,
PIA12761~orig.jpg,Planet,NASA Jet Propulsion Laboratory,https://photojournal.jpl.nasa.gov/catalog/PIA12761,Public Domain (NASA),PIA12761,
PIA12842~orig.jpg,Planet,NASA Jet Propulsion Laboratory,https://photojournal.jpl.nasa.gov/catalog/PIA12842,Public Domain (NASA),PIA12842,
PIA14606~orig.jpg,Planet,NASA Jet Propulsion Laboratory,https://photojournal.jpl.nasa.gov/catalog/PIA14606,Public Domain (NASA),PIA14606,
PIA14909~orig.jpg,Planet,NASA Jet Propulsion Laboratory,https://photojournal.jpl.nasa.gov/catalog/PIA14909,Public Domain (NASA),PIA14909,
PIA16852~orig.jpg,Planet,NASA Jet Propulsion Laboratory,https://photojournal.jpl.nasa.gov/catalog/PIA16852,Public Domain (NASA),PIA16852,
PIA17003~orig.jpg,Planet,NASA Jet Propulsion Laboratory,https://photojournal.jpl.nasa.gov/catalog/PIA17003,Public Domain (NASA),PIA17003,
PIA18182~orig.jpg,Planet,NASA Jet Propulsion Laboratory,https://photojournal.jpl.nasa.gov/catalog/PIA18182,Public Domain (NASA),PIA18182,
PIA18924~orig.jpg,Planet,NASA Jet Propulsion Laboratory,https://photojournal.jpl.nasa.gov/catalog/PIA18924,Public Domain (NASA),PIA18924,
PIA21406~orig.jpg,Planet,NASA Jet Propulsion Laboratory,https://photojournal.jpl.nasa.gov/catalog/PIA21406,Public Domain (NASA),PIA21406,
PIA22425~orig.jpg,Planet,NASA Jet Propulsion Laboratory,https://photojournal.jpl.nasa.gov/catalog/PIA22425,Public Domain (NASA),PIA22425,
S91-32389~orig.jpg,Planet,NASA,https://images.nasa.gov/details-S91-32389,Public Domain (NASA),Composite image of the planet Mars taken by Hubble Space Telescope (HST),
GSFC_20171208_Archive_e000084~orig.jpg,Stars,NASA Goddard Space Flight Center,https://images.nasa.gov/details/GSFC_20171208_Archive_e000084,Public Domain (NASA),GSFC_20171208_Archive_e000084,
GSFC_20171208_Archive_e000136~orig.jpg,Stars,NASA Goddard Space Flight Center,https://images.nasa.gov/details/GSFC_20171208_Archive_e000136,Public Domain (NASA),GSFC_20171208_Archive_e000136,
GSFC_20171208_Archive_e000191~orig.jpg,Stars,NASA Goddard Space Flight Center,https://images.nasa.gov/details/GSFC_20171208_Archive_e000191,Public Domain (NASA),GSFC_20171208_Archive_e000191,
GSFC_20171208_Archive_e000245~orig.jpg,Stars,NASA Goddard Space Flight Center,https://images.nasa.gov/details/GSFC_20171208_Archive_e000245,Public Domain (NASA),GSFC_20171208_Archive_e000245,
GSFC_20171208_Archive_e000382~orig.jpg,Stars,NASA Goddard Space Flight Center,https://images.nasa.gov/details/GSFC_20171208_Archive_e000382,Public Domain (NASA),GSFC_20171208_Archive_e000382,
GSFC_20171208_Archive_e000722~orig.jpg,Stars,NASA Goddard Space Flight Center,https://images.nasa.gov/details/GSFC_20171208_Archive_e000722,Public Domain (NASA),GSFC_20171208_Archive_e000722,
GSFC_20171208_Archive_e000776~orig.jpg,Stars,NASA Goddard Space Flight Center,https://images.nasa.gov/details/GSFC_20171208_Archive_e000776,Public Domain (NASA),GSFC_20171208_Archive_e000776,
GSFC_20171208_Archive_e000819~orig.jpg,Stars,NASA Goddard Space Flight Center,https://images.nasa.gov/details/GSFC_20171208_Archive_e000819,Public Domain (NASA),GSFC_20171208_Archive_e000819,
GSFC_20171208_Archive_e001260~orig.jpg,Stars,NASA Goddard Space Flight Center,https://images.nasa.gov/details/GSFC_20171208_Archive_e001260,Public Domain (NASA),GSFC_20171208_Archive_e001260,
GSFC_20171208_Archive_e001789~orig.jpg,Stars,NASA Goddard Space Flight Center,https://images.nasa.gov/details/GSFC_20171208_Archive_e001789,Public Domain (NASA),GSFC_20171208_Archive_e001789,
PIA05733~orig.jpg,Stars,NASA Jet Propulsion Laboratory,https://photojournal.jpl.nasa.gov/catalog/PIA05733,Public Domain (NASA),PIA05733,
PIA09219~orig.jpg,Stars,NASA Jet Propulsion Laboratory,https://photojournal.jpl.nasa.gov/catalog/PIA09219,Public Domain (NASA),PIA09219,
PIA09220~orig.jpg,Stars,NASA Jet Propulsion Laboratory,https://photojournal.jpl.nasa.gov/catalog/PIA09220,Public Domain (NASA),PIA09220,
PIA09263~orig.jpg,Stars,NASA Jet Propulsion Laboratory,https://photojournal.jpl.nasa.gov/catalog/PIA09263,Public Domain (NASA),PIA09263,
PIA09925~orig.jpg,Stars,NASA Jet Propulsion Laboratory,https://photojournal.jpl.nasa.gov/catalog/PIA09925,Public Domain (NASA),PIA09925,
PIA09926~orig.jpg,Stars,NASA Jet Propulsion Laboratory,https://photojournal.jpl.nasa.gov/catalog/PIA09926,Public Domain (NASA),PIA09926,
PIA13358~orig.jpg,Stars,NASA Jet Propulsion Laboratory,https://photojournal.jpl.nasa.gov/catalog/PIA13358,Public Domain (NASA),PIA13358,
PIA13885~orig.jpg,Stars,NASA Jet Propulsion Laboratory,https://photojournal.jpl.nasa.gov/catalog/PIA13885,Public Domain (NASA),PIA13885,
PIA14887~orig.jpg,Stars,NASA Jet Propulsion Laboratory,https://photojournal.jpl.nasa.gov/catalog/PIA14887,Public Domain (NASA),PIA14887,
PIA15244~orig.jpg,Stars,NASA Jet Propulsion Laboratory,https://photojournal.jpl.nasa.gov/catalog/PIA15244,Public Domain (NASA),PIA15244,
PIA15425~orig.jpg,Stars,NASA Jet Propulsion Laboratory,https://photojournal.jpl.nasa.gov/catalog/PIA15425,Public Domain (NASA),PIA15425,
PIA15428~orig.jpg,Stars,NASA Jet Propulsion Laboratory,https://photojournal.jpl.nasa.gov/catalog/PIA15428,Public Domain (NASA),PIA15428,
PIA17005~orig.jpg,Stars,NASA Jet Propulsion Laboratory,https://photojournal.jpl.nasa.gov/catalog/PIA17005,Public Domain (NASA),PIA17005,
PIA19831~orig.jpg,Stars,NASA Jet Propulsion Laboratory,https://photojournal.jpl.nasa.gov/catalog/PIA19831,Public Domain (NASA),PIA19831,
PIA20055~orig.jpg,Stars,NASA Jet Propulsion Laboratory,https://photojournal.jpl.nasa.gov/catalog/PIA20055,Public Domain (NASA),PIA20055,
PIA21090~orig.jpg,Stars,NASA Jet Propulsion Laboratory,https://photojournal.jpl.nasa.gov/catalog/PIA21090,Public Domain (NASA),PIA21090,
PIA25432~orig.jpg,Stars,NASA Jet Propulsion Laboratory,https://photojournal.jpl.nasa.gov/catalog/PIA25432,Public Domain (NASA),PIA25432,
astronomers-find-the-first-wind-nebula-around-a-rare-ultra-magnetic-neutron-star_27744663791_o~orig.jpg,Stars,ESA/XMM-Newton/Younes et al. 2016,https://images.nasa.gov/details/astronomers-find-the-first-wind-nebula-around-a-rare-ultra-magnetic-neutron-star_27744663791_o,Public Domain (NASA),astronomers-find-the-first-wind-nebula-around-a-rare-ultra-magnetic-neutron-star_27744663791_o,
hubble-sees-a-young-star-take-center-stage_16708377846_o~orig.jpg,Stars,NASA/ESA Hubble Space Telescope,https://images.nasa.gov/details/hubble-sees-a-young-star-take-center-stage_16708377846_o,Public Domain (NASA),hubble-sees-a-young-star-take-center-stage_16708377846_o,
hubble-view-wolf-rayet-stars-intense-and-short-lived_18731205164_o~orig.jpg,Stars,NASA/ESA Hubble Space Telescope,https://images.nasa.gov/details/hubble-view-wolf-rayet-stars-intense-and-short-lived_18731205164_o,Public Domain (NASA),hubble-view-wolf-rayet-stars-intense-and-short-lived_18731205164_o,
