factor,class,mean_recall,min_recall,max_recall
0,Overall,50.9,48.5,52.0
0,Comet,0.6,0.0,2.5
0,Galaxy,53.6,47.5,62.5
0,Nebula,73.2,67.5,80.0
0,Planet,70.0,70.0,72.5
0,Stars,56.8,40.0,75.0
1,Overall,51.0,47.5,54.5
1,Comet,8.4,2.5,17.5
1,Galaxy,53.8,42.5,62.5
1,Nebula,78.6,70.0,90.0
1,Planet,74.4,75.0,77.5
1,Stars,39.2,12.5,57.5
2,Overall,52.4,49.0,56.0
2,Comet,15.2,10.0,22.5
2,Galaxy,41.0,32.5,50.0
2,Nebula,74.6,65.0,82.5
2,Planet,71.0,65.0,77.5
2,Stars,59.8,47.5,70.0
3,Overall,54.0,50.5,57.5
3,Comet,13.2,5.0,22.5
3,Galaxy,52.8,42.5,62.5
3,Nebula,78.8,70.0,87.5
3,Planet,73.0,67.5,80.0
3,Stars,52.0,37.5,65.0
4,Overall,54.7,51.0,58.5
4,Comet,16.8,7.5,27.5
4,Galaxy,47.0,35.0,57.5
4,Nebula,67.4,57.5,77.5
4,Planet,71.8,65.0,80.0
4,Stars,69.8,57.5,80.0
5,Overall,54.0,51.5,57.0
5,Comet,10.2,2.5,17.5
5,Galaxy,50.4,40.0,60.0
5,Nebula,73.4,65.0,82.5
5,Planet,70.6,65.0,77.5
5,Stars,65.0,52.5,75.0
6,Overall,58.2,54.5,62.5
6,Comet,18.0,7.5,25.0
6,Galaxy,63.0,57.5,72.5
6,Nebula,73.5,62.5,82.5
6,Planet,74.5,72.5,75.0
6,Stars,62.0,52.5,72.5
7,Overall,55.8,52.5,59.5
7,Comet,18.0,7.5,27.5
7,Galaxy,52.0,45.0,65.0
7,Nebula,75.5,70.0,85.0
7,Planet,75.5,72.5,77.5
7,Stars,58.0,55.0,62.5
8,Overall,57.7,55.5,61.5
8,Comet,19.5,7.5,35.0
8,Galaxy,57.5,52.5,62.5
8,Nebula,79.5,75.0,85.0
8,Planet,75.0,67.5,80.0
8,Stars,57.0,50.0,65.0
9,Overall,59.8,55.0,64.5
9,Comet,31.0,25.0,42.5
9,Galaxy,55.5,52.5,57.5
9,Nebula,75.5,67.5,82.5
9,Planet,78.5,77.5,80.0
9,Stars,58.5,50.0,70.0
10,Overall,58.5,53.5,61.0
10,Comet,24.6,12.0,30.0
10,Galaxy,58.2,50.0,62.0
10,Nebula,80.2,72.0,93.0
10,Planet,75.6,72.0,78.0
10,Stars,53.2,40.0,62.0
11,Overall,59.3,57.5,61.5
11,Comet,27.8,17.0,38.0
11,Galaxy,58.4,45.0,80.0
11,Nebula,78.6,68.0,88.0
11,Planet,76.6,75.0,80.0
11,Stars,55.2,42.0,70.0
12,Overall,57.9,56.5,59.5
12,Comet,23.2,20.0,25.0
12,Galaxy,58.0,50.0,70.0
12,Nebula,82.8,80.0,90.0
12,Planet,77.2,75.0,80.0
12,Stars,48.2,42.0,57.0
13,Overall,60.3,59.0,63.0
13,Comet,27.5,25.0,32.5
13,Galaxy,61.5,57.5,67.5
13,Nebula,80.0,75.0,85.0
13,Planet,74.0,70.0,75.0
13,Stars,58.5,55.0,62.5
14,Overall,59.0,56.0,62.0
14,Comet,26.0,20.0,32.5
14,Galaxy,59.5,52.5,67.5
14,Nebula,79.0,72.5,85.0
14,Planet,75.5,70.0,80.0
14,Stars,56.0,47.5,62.5
15,Overall,60.5,57.5,63.5
15,Comet,29.0,22.5,37.5
15,Galaxy,60.0,52.5,70.0
15,Nebula,81.0,75.0,87.5
15,Planet,76.0,72.5,80.0
15,Stars,57.5,50.0,65.0
